biblioteca,carpeta,archivo
Karla,01,001.mp3
Karla,01,002.mp3
Karla,01,003.mp3
Karla,01,004.mp3
Karla,02,001.mp3
Karla,02,002.mp3
Karla,02,003.mp3
Karla,02,004.mp3
Karla,03,001.mp3
Karla,03,002.mp3
Karla,03,003.mp3
Karla,03,004.mp3
Karla,04,001.mp3
Karla,04,002.mp3
Karla,04,003.mp3
Karla,04,004.mp3
Karla,05,001.mp3
Karla,05,002.mp3
Karla,05,003.mp3
Karla,05,004.mp3
Karla,06,001.mp3
Karla,06,002.mp3
Karla,06,003.mp3
Karla,06,004.mp3
Karla,07,001.mp3
Karla,07,002.mp3
Karla,07,003.mp3
Karla,07,004.mp3
Karla,08,001.mp3
Karla,08,002.mp3
Karla,08,003.mp3
Karla,08,004.mp3
Karla,09,001.mp3
Karla,09,002.mp3
Karla,09,003.mp3
Karla,09,004.mp3
Karla,10,001.mp3
Karla,10,002.mp3
Karla,10,003.mp3
Karla,10,004.mp3
Karla,11,001.mp3
Karla,11,002.mp3
Karla,11,003.mp3
Karla,11,004.mp3
Karla,12,001.mp3
Karla,12,002.mp3
Karla,12,003.mp3
Karla,12,004.mp3
Karla,13,001.mp3
Karla,13,002.mp3
Karla,13,003.mp3
Karla,13,004.mp3
Karla,14,001.mp3
Karla,14,002.mp3
Karla,14,003.mp3
Karla,14,004.mp3
Carlos,01,001.mp3
Carlos,01,002.mp3
Carlos,01,003.mp3
Carlos,01,004.mp3
Carlos,02,001.mp3
Carlos,02,002.mp3
Carlos,02,003.mp3
Carlos,02,004.mp3
Carlos,03,001.mp3
Carlos,03,002.mp3
Carlos,03,003.mp3
Carlos,03,004.mp3
Carlos,04,001.mp3
Carlos,04,002.mp3
Carlos,04,003.mp3
Carlos,04,004.mp3
Carlos,05,001.mp3
Carlos,05,002.mp3
Carlos,05,003.mp3
Carlos,05,004.mp3
Carlos,06,001.mp3
Carlos,06,002.mp3
Carlos,06,003.mp3
Carlos,06,004.mp3
Carlos,07,001.mp3
Carlos,07,002.mp3
Carlos,07,003.mp3
Carlos,07,004.mp3
Carlos,08,001.mp3
Carlos,08,002.mp3
Carlos,08,003.mp3
Carlos,08,004.mp3
Carlos,09,001.mp3
Carlos,09,002.mp3
Carlos,09,003.mp3
Carlos,09,004.mp3
Carlos,10,001.mp3
Carlos,10,002.mp3
Carlos,10,003.mp3
Carlos,10,004.mp3
Carlos,11,001.mp3
Carlos,11,002.mp3
Carlos,11,003.mp3
Carlos,11,004.mp3
Carlos,12,001.mp3
Carlos,12,002.mp3
Carlos,12,003.mp3
Carlos,12,004.mp3
Carlos,13,001.mp3
Carlos,13,002.mp3
Carlos,13,003.mp3
Carlos,13,004.mp3
Carlos,14,001.mp3
Carlos,14,002.mp3
Carlos,14,003.mp3
Carlos,14,004.mp3